<?xml version="1.0" encoding="UTF-8"?>
<!DOCTYPE mapper
        PUBLIC "-//mybatis.org//DTD Mapper 3.0//EN"
        "http://mybatis.org/dtd/mybatis-3-mapper.dtd">
<mapper namespace="com.hr.mapper.DWLMapper">
    <select id="getAllDWL" resultType="com.hr.domain.DesignWaitingList">
        select *
        from DesignWaitingList
        ORDER BY priority ASC
    </select>

    <select id="getAllDWLMember" resultType="java.util.Map">
        SELECT dwl.priority,
               dwl.dw_seq,
               dwl.start_date,
               dwl.end_date as end_date,
               dwl.proj_name,
               m.name,
               dwl.progress
        FROM DesignWaitingList dwl
                 JOIN
             DWLMember dwlm ON dwl.dw_seq = dwlm.dw_seq
                 JOIN
             Member m ON dwlm.m_num = m.m_num
        ORDER BY dwl.priority ASC
    </select>

    <select id="findDWLByProjName" resultType="com.hr.domain.DesignWaitingList">
        select *
        from DesignWaitingList
        where proj_name = #{proj_name}
    </select>

    <select id="findDWLMBySeq" resultType="java.util.Map">
        SELECT dwl.dw_seq,
               m.m_num
        FROM DesignWaitingList dwl
                 JOIN
             DWLMember dwlm ON dwl.dw_seq = dwlm.dw_seq
                 JOIN
             Member m ON dwlm.m_num = m.m_num
        where dwl.dw_seq = #{dw_seq}
    </select>

    <select id="findDWLBySeq" resultType="com.hr.domain.DesignWaitingList">
        select *
        from DesignWaitingList
        where dw_seq = #{dw_seq}
    </select>
    <insert id="addDWL">
        insert into DesignWaitingList
            (proj_name, start_date, end_date, priority, progress)
        values (#{proj_name}, #{start_date}, #{end_date}, #{priority}, #{progress})
    </insert>

    <insert id="addDWLM">
        insert into DWLMember
            (dw_seq, m_num)
        values (#{dw_seq}, #{m_num})
    </insert>

    <delete id="deleteDWL">
        delete from DesignWaitingList
        where dw_seq = #{dw_seq}
    </delete>

    <delete id="deleteDWLMBySeq">
        delete from DWLMember
        where dw_seq = #{dw_seq}
    </delete>

    <update id="updateDWL">
        update DesignWaitingList
        set proj_name = #{proj_name}, priority = #{priority}, start_date = #{start_date},
            end_date = #{end_date}, progress = #{progress}
        where dw_seq = #{dw_seq}
    </update>
</mapper>
